[
    {
        "song": "The Look of Love",
        "artist": "ABC",
        "year": "1982"
    },
    {
        "song": "The Shining",
        "artist": "Badly Drawn Boy",
        "year": "2000"
    },
    {
        "song": "God Only Knows",
        "artist": "The Beach Boys",
        "year": "1966"
    },
    {
        "song": "Good Vibrations",
        "artist": "The Beach Boys",
        "year": "1966"
    },
    {
        "song": "Wouldn’t It Be Nice",
        "artist": "The Beach Boys",
        "year": "1966"
    },
    {
        "song": "Eight Days a Week",
        "artist": "The Beatles",
        "year": "1964"
    },
    {
        "song": "Girl",
        "artist": "The Beatles",
        "year": "1965"
    },
    {
        "song": "I Want to Hold Your Hand",
        "artist": "The Beatles",
        "year": "1963"
    },
    {
        "song": "She Loves You",
        "artist": "The Beatles",
        "year": "1963"
    },
    {
        "song": "Something",
        "artist": "The Beatles",
        "year": "1969"
    },
    {
        "song": "With a Little Help from My Friends",
        "artist": "The Beatles",
        "year": "1967"
    },
    {
        "song": "Song for Whoever",
        "artist": "The Beautiful South",
        "year": "1989"
    },
    {
        "song": "How Deep is Your Love?",
        "artist": "The Bee Gees",
        "year": "1977"
    },
    {
        "song": "Sweet Little Sixteen",
        "artist": "Chuck Berry",
        "year": "1958"
    },
    {
        "song": "Crazy in Love",
        "artist": "Beyoncé",
        "year": "2003"
    },
    {
        "song": "Thirteen",
        "artist": "Big Star",
        "year": "1972"
    },
    {
        "song": "I’ll Take Care of You",
        "artist": "Bobby “Blue” Bland",
        "year": "1959"
    },
    {
        "song": "Heroes",
        "artist": "David Bowie",
        "year": "1977"
    },
    {
        "song": "The Wedding Song",
        "artist": "David Bowie",
        "year": "1993"
    },
    {
        "song": "Sit Down I Think I Love You",
        "artist": "Buffalo Springfield",
        "year": "1966"
    },
    {
        "song": "Everybody Needs Somebody to Love",
        "artist": "Solomon Burke",
        "year": "1964"
    },
    {
        "song": "Mehbooba Mehbooba",
        "artist": "R D Burman",
        "year": "1975"
    },
    {
        "song": "Hounds of Love",
        "artist": "Kate Bush",
        "year": "1985"
    },
    {
        "song": "The Man With the Child in His Eyes",
        "artist": "Kate Bush",
        "year": "1978"
    },
    {
        "song": "The Man I Love",
        "artist": "Kate Bush",
        "year": "1994"
    },
    {
        "song": "Love Me Forever",
        "artist": "Carlton and the Shoes",
        "year": "1968"
    },
    {
        "song": "The Dark End of the Street",
        "artist": "James Carr",
        "year": "1967"
    },
    {
        "song": "I Walk the Line",
        "artist": "Johnny Cash",
        "year": "1956"
    },
    {
        "song": "Deanna",
        "artist": "Nick Cave and the Bad Seeds",
        "year": "1988"
    },
    {
        "song": "I Got a Woman",
        "artist": "Ray Charles",
        "year": "1954"
    },
    {
        "song": "Stoned Out of My Mind",
        "artist": "The Chi-Lites",
        "year": "1973"
    },
    {
        "song": "That’s How Long",
        "artist": "The Chi-Lites",
        "year": "1974"
    },
    {
        "song": "Stay Free",
        "artist": "The Clash",
        "year": "1978"
    },
    {
        "song": "Private Number",
        "artist": "Judy Clay and William Bell",
        "year": "1968"
    },
    {
        "song": "Yellow",
        "artist": "Coldplay",
        "year": "2000"
    },
    {
        "song": "Do You Love Me?",
        "artist": "The Contours",
        "year": "1962"
    },
    {
        "song": "Cupid",
        "artist": "Sam Cooke",
        "year": "1961"
    },
    {
        "song": "I’m in the Mood Again",
        "artist": "Elvis Costello",
        "year": "2003"
    },
    {
        "song": "Jack of All Parades",
        "artist": "Elvis Costello and the Attractions",
        "year": "1986"
    },
    {
        "song": "Then He Kissed Me",
        "artist": "The Crystals",
        "year": "1963"
    },
    {
        "song": "Friday I’m in Love",
        "artist": "The Cure",
        "year": "1992"
    },
    {
        "song": "Pour Some Sugar on Me",
        "artist": "Def Leppard",
        "year": "1987"
    },
    {
        "song": "Born to Be With You",
        "artist": "Dion",
        "year": "1975"
    },
    {
        "song": "A Teenager in Love",
        "artist": "Dion & the Belmonts",
        "year": "1960"
    },
    {
        "song": "Blueberry Hill",
        "artist": "Fats Domino",
        "year": "1956"
    },
    {
        "song": "Girl from the North Country",
        "artist": "Bob Dylan",
        "year": "1963"
    },
    {
        "song": "Visions of Johanna",
        "artist": "Bob Dylan",
        "year": "1966"
    },
    {
        "song": "Wedding Song",
        "artist": "Bob Dylan",
        "year": "1974"
    },
    {
        "song": "One Day Like This",
        "artist": "Elbow",
        "year": "2008"
    },
    {
        "song": "Let’s Stick Together",
        "artist": "Bryan Ferry",
        "year": "1976"
    },
    {
        "song": "Ev’ry Time We Say Goodbye",
        "artist": "Ella Fitzgerald",
        "year": "1956"
    },
    {
        "song": "Killing Me Softly With His Song",
        "artist": "Roberta Flack",
        "year": "1973"
    },
    {
        "song": "I Never Loved a Man (The Way I Love You)",
        "artist": "Aretha Franklin",
        "year": "1967"
    },
    {
        "song": "I Say A Little Prayer",
        "artist": "Aretha Franklin",
        "year": "1968"
    },
    {
        "song": "The Power of Love",
        "artist": "Frankie Goes to Hollywood",
        "year": "1984"
    },
    {
        "song": "It’ll All Come Around",
        "artist": "Patsy Gallant",
        "year": "1978"
    },
    {
        "song": "Zing! Went the Strings of My Heart",
        "artist": "Judy Garland",
        "year": "1939"
    },
    {
        "song": "Ain’t No Mountain High Enough",
        "artist": "Marvin Gaye And Tammi Terrell",
        "year": "1967"
    },
    {
        "song": "You’re All I Need to Get By",
        "artist": "Marvin Gaye And Tammi Terrell",
        "year": "1968"
    },
    {
        "song": "The Dutchman",
        "artist": "Steve Goodman",
        "year": "1973"
    },
    {
        "song": "Let’s Get Married",
        "artist": "Al Green",
        "year": "1974"
    },
    {
        "song": "Let’s Stay Together",
        "artist": "Al Green",
        "year": "1971"
    },
    {
        "song": "Love and Happiness",
        "artist": "Al Green",
        "year": "1972"
    },
    {
        "song": "Sweet Child O’ Mine",
        "artist": "Guns N’ Roses",
        "year": "1987"
    },
    {
        "song": "I’m Into Something Good",
        "artist": "Herman’s Hermits",
        "year": "1964"
    },
    {
        "song": "How Will I Know",
        "artist": "Whitney Houston",
        "year": "1985"
    },
    {
        "song": "I’m So in Love",
        "artist": "Leroy Hutson",
        "year": "1973"
    },
    {
        "song": "I’m So Proud",
        "artist": "The Impressions",
        "year": "1964"
    },
    {
        "song": "Night Nurse",
        "artist": "Gregory Isaacs",
        "year": "1982"
    },
    {
        "song": "Summer Breeze",
        "artist": "The Isley Brothers",
        "year": "1973"
    },
    {
        "song": "Are You Ready For Love",
        "artist": "Elton John",
        "year": "1979"
    },
    {
        "song": "La Vie En Rose",
        "artist": "Grace Jones",
        "year": "1977"
    },
    {
        "song": "No One",
        "artist": "Alicia Keys",
        "year": "2007"
    },
    {
        "song": "Stand By Me",
        "artist": "Ben E King",
        "year": "1961"
    },
    {
        "song": "You Really Got Me",
        "artist": "The Kinks",
        "year": "1964"
    },
    {
        "song": "Constant Craving",
        "artist": "KD Lang",
        "year": "1992"
    },
    {
        "song": "Elusive Butterfly",
        "artist": "Bob Lind",
        "year": "1966"
    },
    {
        "song": "Is This Love?",
        "artist": "Bob Marley",
        "year": "1978"
    },
    {
        "song": "My Love",
        "artist": "Paul McCartney and Wings",
        "year": "1973"
    },
    {
        "song": "90% of Me is You",
        "artist": "Gwen McRae",
        "year": "1974"
    },
    {
        "song": "Angel of the Morning",
        "artist": "Merrilee and the Turnabouts",
        "year": "1968"
    },
    {
        "song": "Can’t Get You Out of My Head",
        "artist": "Kylie Minogue",
        "year": "2001"
    },
    {
        "song": "Help Me",
        "artist": "Joni Mitchell",
        "year": "1974"
    },
    {
        "song": "Madame George",
        "artist": "Van Morrison",
        "year": "1968"
    },
    {
        "song": "You’ve Got a Friend",
        "artist": "Randy Newman",
        "year": "1995"
    },
    {
        "song": "Oh",
        "artist": " Pretty Woman",
        "year": "Roy Orbison"
    },
    {
        "song": "Puppy Love",
        "artist": "Donny Osmond",
        "year": "1972"
    },
    {
        "song": "She",
        "artist": "Gram Parsons",
        "year": "1973"
    },
    {
        "song": "I Will Always Love You",
        "artist": "Dolly Parton",
        "year": "1974"
    },
    {
        "song": "I’m in Love",
        "artist": "Wilson Pickett",
        "year": "1967"
    },
    {
        "song": "She is Beyond Good and Evil",
        "artist": "The Pop Group",
        "year": "1979"
    },
    {
        "song": "Let’s Do It",
        "artist": " Let’s Fall in Love",
        "year": "Cole Porter"
    },
    {
        "song": "Can’t Help Falling in Love",
        "artist": "Elvis Presley",
        "year": "1961"
    },
    {
        "song": "Love Me Tender",
        "artist": "Elvis Presley",
        "year": "1956"
    },
    {
        "song": "I’ll Stand By You",
        "artist": "The Pretenders",
        "year": "1994"
    },
    {
        "song": "That Old Black Magic",
        "artist": "Louis Prima and Keely Smith",
        "year": "1959"
    },
    {
        "song": "Let’s Get Married",
        "artist": "The Proclaimers",
        "year": "1994"
    },
    {
        "song": "You’re My Best Friend",
        "artist": "Queen",
        "year": "1975"
    },
    {
        "song": "Kehma Hi Kya",
        "artist": "A R Rahman",
        "year": "1995"
    },
    {
        "song": "Unchained Melody",
        "artist": "The Righteous Brothers",
        "year": "1965"
    },
    {
        "song": "Umbrella",
        "artist": "Rihanna",
        "year": "2007"
    },
    {
        "song": "You’ve Really Got a Hold On Me",
        "artist": "Smokey Robinson and the Miracles",
        "year": "1962"
    },
    {
        "song": "Be My Baby",
        "artist": "The Ronettes",
        "year": "1963"
    },
    {
        "song": "Valerie",
        "artist": "Mark Ronson featuring Amy Winehouse",
        "year": "2007"
    },
    {
        "song": "I Saw the Light",
        "artist": "Todd Rundgren",
        "year": "1972"
    },
    {
        "song": "Leader of the Pack",
        "artist": "The Shangri-Las",
        "year": "1964"
    },
    {
        "song": "Will You Love Me Tomorrow?",
        "artist": "The Shirelles",
        "year": "1961"
    },
    {
        "song": "Bridge Over Troubled Water",
        "artist": "Simon and Garfunkel",
        "year": "1970"
    },
    {
        "song": "Fly Me to the Moon",
        "artist": "Frank Sinatra",
        "year": "1966"
    },
    {
        "song": "Get Me to the Church On Time",
        "artist": "Frank Sinatra",
        "year": "1966"
    },
    {
        "song": "Love and Marriage",
        "artist": "Frank Sinatra",
        "year": "1955"
    },
    {
        "song": "True Love Travels on a Gravel Road",
        "artist": "Percy Sledge",
        "year": "1969"
    },
    {
        "song": "It Must Be Love",
        "artist": "Labi Siffre",
        "year": "1971"
    },
    {
        "song": "Frederick",
        "artist": "Patti Smith",
        "year": "1979"
    },
    {
        "song": "There is a Light That Never Goes Out",
        "artist": "The Smiths",
        "year": "1986"
    },
    {
        "song": "I Got You Babe",
        "artist": "Sonny and Cher",
        "year": "1965"
    },
    {
        "song": "You Gotta Come a Little Closer",
        "artist": "Soul Brothers Six",
        "year": "1973"
    },
    {
        "song": "Wannabe",
        "artist": "The Spice Girls",
        "year": "1996"
    },
    {
        "song": "I’ll Be Around",
        "artist": "The Spinners",
        "year": "1972"
    },
    {
        "song": "Mandolin Wind",
        "artist": "Rod Stewart",
        "year": "1971"
    },
    {
        "song": "She Bangs the Drums",
        "artist": "The Stone Roses",
        "year": "1989"
    },
    {
        "song": "I Feel Love",
        "artist": "Donna Summer",
        "year": "1977"
    },
    {
        "song": "Baby Love",
        "artist": "The Supremes",
        "year": "1964"
    },
    {
        "song": "Stoned Love",
        "artist": "The Supremes",
        "year": "1970"
    },
    {
        "song": "You Can’t Hurry Love",
        "artist": "The Supremes",
        "year": "1966"
    },
    {
        "song": "Why Do Fools Fall in Love?",
        "artist": "The Teenagers featuring Frankie Lymon",
        "year": "1956"
    },
    {
        "song": "My Girl",
        "artist": "The Temptations",
        "year": "1964"
    },
    {
        "song": "Gloria",
        "artist": "Them",
        "year": "1964"
    },
    {
        "song": "Here Comes the Night",
        "artist": "Them/Van Morrison",
        "year": "1965"
    },
    {
        "song": "River Deep",
        "artist": " Mountain High",
        "year": "Ike and Tina Turner"
    },
    {
        "song": "Terry",
        "artist": "Twinkle",
        "year": "1964"
    },
    {
        "song": "Mad About the Boy",
        "artist": "Dinah Washington",
        "year": "1952"
    },
    {
        "song": "Wichita Linesman",
        "artist": "Jimmy Webb",
        "year": "1968"
    },
    {
        "song": "You Do Something to Me",
        "artist": "Paul Weller",
        "year": "1995"
    },
    {
        "song": "Music to Watch Girls By",
        "artist": "Andy Williams",
        "year": "1967"
    },
    {
        "song": "Do I Love You (Indeed I Do)",
        "artist": "Frank Wilson",
        "year": "1966"
    },
    {
        "song": "Lean on Me",
        "artist": "Bill Withers",
        "year": "1972"
    },
    {
        "song": "Like a Hurricane",
        "artist": "Neil Young",
        "year": "1977"
    },
    {
        "song": "Only Love Can Break Your Heart",
        "artist": "Neil Young",
        "year": "1970"
    },
    {
        "song": "Tears Are Not Enough",
        "artist": "ABC",
        "year": "1981"
    },
    {
        "song": "The Winner Takes It All",
        "artist": "Abba",
        "year": "1980"
    },
    {
        "song": "Call Me on Your Way Back Home",
        "artist": "Ryan Adams",
        "year": "2000"
    },
    {
        "song": "Never Ever",
        "artist": "All Saints",
        "year": "1997"
    },
    {
        "song": "Please Give Me Something",
        "artist": "Bill Allen and the Backbeats",
        "year": "1958"
    },
    {
        "song": "Without You",
        "artist": "Badfinger",
        "year": "1970"
    },
    {
        "song": "Diamonds and Rust",
        "artist": "Joan Baez",
        "year": "1975"
    },
    {
        "song": "You’ve Got to Hide Your Love Away",
        "artist": "The Beatles",
        "year": "1965"
    },
    {
        "song": "The Boy Done Wrong Again",
        "artist": "Belle and Sebastian",
        "year": "1996"
    },
    {
        "song": "Heart of Glass",
        "artist": "Blondie",
        "year": "1978"
    },
    {
        "song": "One Way Or Another",
        "artist": "Blondie",
        "year": "1979"
    },
    {
        "song": "Flume",
        "artist": "Bon Iver",
        "year": "2008"
    },
    {
        "song": "Bed is For Sleeping",
        "artist": "Bonnie ‘Prince’ Billy and Matt Sweeney",
        "year": "2005"
    },
    {
        "song": "Letter to Hermione",
        "artist": "David Bowie",
        "year": "1969"
    },
    {
        "song": "Repetition",
        "artist": "David Bowie",
        "year": "1979"
    },
    {
        "song": "He Wasn’t Man Enough",
        "artist": "Toni Braxton",
        "year": "2000"
    },
    {
        "song": "Lua",
        "artist": "Bright Eyes",
        "year": "2005"
    },
    {
        "song": "Ever Fallen in Love (With Someone You Shouldn’t’ve)",
        "artist": "Buzzcocks",
        "year": "1978"
    },
    {
        "song": "I Still Miss Someone",
        "artist": "Johnny Cash",
        "year": "1959"
    },
    {
        "song": "Far From Me",
        "artist": "Nick Cave",
        "year": "1997"
    },
    {
        "song": "Where Were You",
        "artist": "Vic Chesnutt",
        "year": "1991"
    },
    {
        "song": "Since U Been Gone",
        "artist": "Kelly Clarkson",
        "year": "2004"
    },
    {
        "song": "Should I Stay Or Should I Go",
        "artist": "The Clash",
        "year": "1982"
    },
    {
        "song": "Crazy",
        "artist": "Patsy Cline",
        "year": "1961"
    },
    {
        "song": "So Long",
        "artist": " Marianne",
        "year": "Leonard Cohen"
    },
    {
        "song": "The Scientist",
        "artist": "Coldplay",
        "year": "2002"
    },
    {
        "song": "Against All Odds (Take a Look at Me Now)",
        "artist": "Phil Collins",
        "year": "1984"
    },
    {
        "song": "Don’t Leave Me This Way",
        "artist": "The Communards",
        "year": "1986"
    },
    {
        "song": "Either Side of the Same Town",
        "artist": "Elvis Costello",
        "year": "2004"
    },
    {
        "song": "I Hope You’re Happy Now",
        "artist": "Elvis Costello and the Attractions",
        "year": "1986"
    },
    {
        "song": "I Want You",
        "artist": "Elvis Costello and the Attractions",
        "year": "1986"
    },
    {
        "song": "He Hit Me (And it Felt Like a Kiss)",
        "artist": "The Crystals",
        "year": "1962"
    },
    {
        "song": "Disintegration",
        "artist": "The Cure",
        "year": "1989"
    },
    {
        "song": "Katie Cruel",
        "artist": "Karen Dalton",
        "year": "1971"
    },
    {
        "song": "Layla",
        "artist": "Derek and the Dominos",
        "year": "1970"
    },
    {
        "song": "Warwick Avenue",
        "artist": "Duffy",
        "year": "2008"
    },
    {
        "song": "Don’t Think Twice",
        "artist": " It’s All Right",
        "year": "Bob Dylan"
    },
    {
        "song": "Idiot Wind",
        "artist": "Bob Dylan",
        "year": "1975"
    },
    {
        "song": "If You See Her",
        "artist": " Say Hello",
        "year": "Bob Dylan"
    },
    {
        "song": "Just Like a Woman",
        "artist": "Bob Dylan",
        "year": "1966"
    },
    {
        "song": "She’s Your Lover Now",
        "artist": "Bob Dylan",
        "year": "1966"
    }
]
